{"cameraMode":{"drawMode":0,"name":"Shaded","section":"Shading Mode"},"sceneLighting":true,"audioPlay":false,"sceneViewState":{"showFog":true,"showMaterialUpdate":false,"showSkybox":true,"showFlares":true,"showImageEffects":true,"showParticleSystems":true},"in2DMode":false,"pivot":{"x":1217.544189453125,"y":-37.26239013671875,"z":2303.818115234375},"rotation":{"x":-0.07931552082300186,"y":-0.10740311443805695,"z":0.00859444122761488,"w":-0.9910094738006592},"size":3182.904296875,"orthographic":false}