{"cameraMode":{"drawMode":0,"name":"Shaded","section":"Shading Mode"},"sceneLighting":true,"audioPlay":false,"sceneViewState":{"showFog":true,"showMaterialUpdate":false,"showSkybox":true,"showFlares":true,"showImageEffects":true,"showParticleSystems":true},"in2DMode":false,"pivot":{"x":0.6276955604553223,"y":1.1440000534057618,"z":1.3565192222595215},"rotation":{"x":0.12197836488485336,"y":0.6137987375259399,"z":-0.09672844409942627,"w":0.7739612460136414},"size":3.8460144996643068,"orthographic":false}