{"cameraMode":{"drawMode":0,"name":"Shaded","section":"Shading Mode"},"sceneLighting":true,"audioPlay":false,"sceneViewState":{"showFog":true,"showMaterialUpdate":false,"showSkybox":true,"showFlares":true,"showImageEffects":true,"showParticleSystems":true},"in2DMode":false,"pivot":{"x":-7.047087669372559,"y":-12.538531303405762,"z":13.194792747497559},"rotation":{"x":-0.2573310434818268,"y":0.3325471580028534,"z":-0.09483750909566879,"w":-0.9023298025131226},"size":47.75917434692383,"orthographic":false}