{"cameraMode":{"drawMode":0,"name":"Shaded","section":"Shading Mode"},"sceneLighting":false,"audioPlay":false,"sceneViewState":{"showFog":true,"showMaterialUpdate":false,"showSkybox":true,"showFlares":true,"showImageEffects":true,"showParticleSystems":true},"in2DMode":false,"pivot":{"x":-8.086278915405274,"y":4.721156597137451,"z":-4.933203220367432},"rotation":{"x":-0.07150841504335404,"y":0.652370274066925,"z":-0.06203752011060715,"w":-0.7519647479057312},"size":0.5715771913528442,"orthographic":false}